instance_id,method,orders,couriers,distance_m,distance_km,objective_value,runtime_seconds,synthetic_sla_late_rate,total_lateness_minutes,workload_std,replans,status
jl_r31_0618,dynamic_online_greedy,175,9,250020.11268824324,250.02011268824324,250326.02157486405,0.0027988140009256313,0.0,0.0,3.0590888662080453,,ok
jl_r31_0618,dynamic_rolling_alns,175,9,284640.83782011806,284.64083782011807,284997.087143271,0.2648735000002489,0.0,0.0,3.5624932315291997,51.0,ok
jl_r31_0618,greedy_regret2_offline,175,9,87429.40389617096,87.42940389617095,1207061.5877863315,0.15667166999992332,0.49714285714285716,18637.48102854344,13.833221775543038,,ok
jl_r31_0618,ortools_cp_sat_decomposed,175,9,94204.89697797156,94.20489697797156,95187.47986273988,2.5848264179985563,0.005714285714285714,15.548208087805566,0.4969039949999533,,optimal;route_fallbacks=0/9
jl_r31_0618,pyvrp_static_distance,175,9,48312.27177114746,48.312271771147465,1101067.215908858,0.32510007500059146,0.5085714285714286,17525.929457757054,11.991766722872924,,ok
jl_r31_0618,alns_offline,175,9,55812.286894597935,55.81228689459793,958456.8175774275,5.258860922998792,0.4114285714285714,15024.84476325346,11.538448876219707,,ok
jl_r31_0529,dynamic_online_greedy,154,6,282124.8766937429,282.12487669374286,282393.61861868616,0.002668123999683303,0.0,0.0,2.6874192494328497,,ok
jl_r31_0529,dynamic_rolling_alns,154,6,198039.24803745738,198.03924803745738,198554.56886524873,0.37485975900017365,0.0,0.0,5.153208277913436,55.0,ok
jl_r31_0529,greedy_regret2_offline,154,6,70442.73295070889,70.44273295070889,1964759.659966693,0.1617695039985847,0.7012987012987013,31549.636466235268,13.387390418682136,,ok
jl_r31_0529,ortools_cp_sat_decomposed,154,6,90692.77464678165,90.69277464678164,90739.91509886074,4.8062219159983215,0.0,0.0,0.4714045207910317,,optimal;route_fallbacks=0/6
jl_r31_0529,pyvrp_static_distance,154,6,38771.6901834667,38.7716901834667,1082054.5694093613,0.17387083200082998,0.3961038961038961,17366.07016438174,13.186693629901656,,ok
jl_r31_0529,alns_offline,154,6,49942.28831316091,49.942288313160915,1218827.0557060817,4.63879268600067,0.4675324675324675,19463.062629254335,11.010096376609164,,ok
jl_r31_0617,dynamic_online_greedy,131,8,231404.31360831345,231.40431360831346,231668.59328971177,0.002517958999305847,0.0,0.0,2.6427968139832467,,ok
jl_r31_0617,dynamic_rolling_alns,131,8,189630.88971283546,189.63088971283545,190049.0329299274,0.2092553680013225,0.0,0.0,4.181432170919432,39.0,ok
jl_r31_0617,greedy_regret2_offline,131,8,82363.45205230708,82.36345205230708,934976.0897282156,0.07833311899958062,0.4961832061068702,14191.577892774445,11.179641094418013,,ok
jl_r31_0617,ortools_cp_sat_decomposed,131,8,87715.83922352304,87.71583922352305,88850.92143654554,1.3082889420002175,0.015267175572519083,18.11116535324824,0.4841229182759271,,optimal;route_fallbacks=0/8
jl_r31_0617,pyvrp_static_distance,131,8,38810.80815726488,38.81080815726488,720425.3080853695,0.13427295700057584,0.3969465648854962,11343.32812922275,10.148121747397397,,ok
jl_r31_0617,alns_offline,131,8,45264.008959387495,45.264008959387496,445214.19332009315,2.2236692719998246,0.22137404580152673,6651.993600519778,8.305683295190107,,ok
jl_r53_0529,dynamic_online_greedy,188,7,312509.8750244747,312.5098750244747,313201.5160780124,0.003875062000588514,0.0,0.0,6.91641053537726,,ok
jl_r53_0529,dynamic_rolling_alns,188,7,265234.1889359873,265.2341889359873,265785.6249092907,0.5339978430001793,0.0,0.0,5.514359733033938,55.0,ok
jl_r53_0529,greedy_regret2_offline,188,7,110550.21959041303,110.55021959041304,2162014.1513083135,0.7078988839984959,0.6117021276595744,34162.05501368754,17.406308966484957,,ok
jl_r53_0529,ortools_cp_sat_decomposed,188,7,180522.29964404387,180.52229964404387,434986.49971178005,6.930260500999793,0.07446808510638298,4236.155770785947,2.9485382057928993,,feasible;route_fallbacks=0/7
jl_r53_0529,pyvrp_static_distance,188,7,51470.547706485326,51.47054770648533,1782696.526713349,0.17346215900033712,0.5851063829787234,28832.62002791328,12.687773320671154,,ok
jl_r53_0529,alns_offline,188,7,57385.5024391612,57.3855024391612,1273670.0802349679,10.76144175400077,0.48404255319148937,20255.264736112807,9.68693629037982,,ok
jl_r53_0608,dynamic_online_greedy,142,7,286314.9135139705,286.3149135139705,286676.3166751326,0.002758895001534256,0.0,0.0,3.614031611621005,,ok
jl_r53_0608,dynamic_rolling_alns,142,7,238275.49699715112,238.27549699715112,238433.28786882522,0.288340615999914,0.0,0.0,1.577908716741037,45.0,ok
jl_r53_0608,greedy_regret2_offline,142,7,114208.47399934537,114.20847399934537,2142366.1645420277,0.0970554119994631,0.7183098591549296,33780.61241141506,13.209458577790663,,ok
jl_r53_0608,ortools_cp_sat_decomposed,142,7,124164.3134919996,124.1643134919996,192620.0834590017,4.142903465000927,0.06338028169014084,1140.1765761976142,0.45175395145262565,,optimal;route_fallbacks=0/7
jl_r53_0608,pyvrp_static_distance,142,7,56134.294560263435,56.134294560263434,1825651.677061219,0.22033861400086607,0.5563380281690141,29476.6885468808,9.160696881075083,,ok
jl_r53_0608,alns_offline,142,7,72675.27148169836,72.67527148169836,1089676.38583246,3.8747549899999285,0.4788732394366197,16932.7505112132,10.360836779696426,,ok
jl_r53_0810,dynamic_online_greedy,142,4,251304.12856534446,251.30412856534446,251533.25735009226,0.0025132149985438446,0.0,0.0,2.29128784747792,,ok
jl_r53_0810,dynamic_rolling_alns,142,4,159937.0612987705,159.93706129877052,160102.8925382883,0.47345564700117393,0.0,0.0,1.6583123951777,64.0,ok
jl_r53_0810,greedy_regret2_offline,142,4,89242.6787572443,89.2426787572443,2225523.9718062975,0.13552998600061983,0.7253521126760564,35572.445647280634,19.345542122153102,,ok
jl_r53_0810,ortools_cp_sat_decomposed,142,4,133670.73831362667,133.67073831362669,408099.89638314623,4.945299475999491,0.15492957746478872,4572.985967825326,0.5,,optimal;route_fallbacks=0/4
jl_r53_0810,pyvrp_static_distance,142,4,49238.33208750974,49.23833208750974,2098891.245242058,0.12601709599948663,0.7394366197183099,34137.98416646908,13.738631664034086,,ok
jl_r53_0810,alns_offline,142,4,53235.589551879595,53.23558955187959,1835712.1211417532,3.5743665390000388,0.6549295774647887,29688.064092428096,11.926860441876563,,ok
jl_r129_0810,dynamic_online_greedy,129,3,212462.28763696828,212.46228763696828,212543.93729506104,0.0026604529994074255,0.0,0.0,0.816496580927726,,ok
jl_r129_0810,dynamic_rolling_alns,129,3,150089.29420746883,150.08929420746884,154763.06640021814,0.5338776770004188,0.03875968992248062,70.69538021425736,4.320493798938574,62.0,ok
jl_r129_0810,greedy_regret2_offline,129,3,53283.50192178448,53.283501921784485,1656646.121295464,0.12257126699842047,0.6356589147286822,26696.463629981285,15.748015748023622,,ok
jl_r129_0810,ortools_cp_sat_decomposed,129,3,111476.17681953582,111.47617681953582,609038.9123271046,4.92667229700055,0.3178294573643411,8292.71225845948,0.0,,optimal;route_fallbacks=0/3
jl_r129_0810,pyvrp_static_distance,129,3,40356.05911436334,40.35605911436334,1140278.477730904,0.11957113599964941,0.5813953488372093,18305.478014524833,15.937377450509228,,ok
jl_r129_0810,alns_offline,129,3,43964.34094077798,43.96434094077799,1363686.467779729,2.8954268760007835,0.5968992248062015,21975.047290473438,12.192894105447921,,ok
jl_r129_0812,dynamic_online_greedy,126,3,199560.54092250127,199.56054092250127,243091.40597412284,0.0021357080004236195,0.2857142857142857,717.9376499175897,4.546060565661952,,ok
jl_r129_0812,dynamic_rolling_alns,126,3,84143.50469667777,84.14350469667778,120398.12270449127,1.6247117660004733,0.1984126984126984,601.5219781937991,1.632993161855452,53.0,ok
jl_r129_0812,greedy_regret2_offline,126,3,58492.084672804114,58.49208467280411,1203635.4562020085,0.12354612200033444,0.49206349206349204,19058.95222814639,16.06237840420901,,ok
jl_r129_0812,ortools_cp_sat_decomposed,126,3,65287.794149661044,65.28779414966104,714266.8670639392,5.166699125999003,0.4444444444444444,10816.317881904635,0.0,,optimal;route_fallbacks=0/3
jl_r129_0812,pyvrp_static_distance,126,3,44654.77249299259,44.65477249299259,749834.0907067157,0.16755052100052126,0.35714285714285715,11726.218006221703,16.06237840420901,,ok
jl_r129_0812,alns_offline,126,3,45705.99323854386,45.70599323854386,277356.547115738,3.7339781259997835,0.3492063492063492,3834.0719339462203,16.06237840420901,,ok
jl_r129_0811,dynamic_online_greedy,123,3,208917.2534634922,208.91725346349222,209325.50175395608,0.003549093999026809,0.0,0.0,4.08248290463863,,ok
jl_r129_0811,dynamic_rolling_alns,123,3,110044.81077384551,110.04481077384551,110327.65348632014,1.0617126309989544,0.0,0.0,2.8284271247461903,58.0,ok
jl_r129_0811,greedy_regret2_offline,123,3,52842.09213171482,52.842092131714814,883679.3691243812,0.1094792879994202,0.6260162601626016,13822.529861038709,14.854853303438128,,ok
jl_r129_0811,ortools_cp_sat_decomposed,123,3,128823.81839659449,128.8238183965945,247076.6932568482,4.999287165001078,0.13008130081300814,1970.8812476708952,0.0,,optimal;route_fallbacks=0/3
jl_r129_0811,pyvrp_static_distance,123,3,39026.862393888434,39.026862393888436,984235.0699595349,0.2392536379993544,0.6666666666666666,15738.316590875236,9.092121131323903,,ok
jl_r129_0811,alns_offline,123,3,41900.07873293107,41.90007873293107,763939.8307888644,5.028513031998955,0.6504065040650406,12021.900567011624,7.2571803523590805,,ok
jl_r165_0619,dynamic_online_greedy,52,3,127230.37778484749,127.23037778484749,127560.3609494012,0.0011403070002415916,0.0,0.0,3.299831645537222,,ok
jl_r165_0619,dynamic_rolling_alns,52,3,127036.04593544759,127.03604593544759,127413.16955208042,0.13040922400068666,0.0,0.0,3.7712361663282534,30.0,ok
jl_r165_0619,greedy_regret2_offline,52,3,51509.92283632783,51.50992283632783,233972.82791211648,0.012185642999611446,0.46153846153846156,3030.048979111353,6.599663291074443,,ok
jl_r165_0619,ortools_cp_sat_decomposed,52,3,76027.72362286139,76.02772362286139,101163.27405882058,3.33336822199999,0.019230769230769232,418.1401663980015,0.4714045207910317,,optimal;route_fallbacks=0/3
jl_r165_0619,pyvrp_static_distance,52,3,47266.472598781445,47.26647259878145,599135.9123074571,0.3047277509995183,0.6346153846153846,9189.075097506802,5.2493385826745405,,ok
jl_r165_0619,alns_offline,52,3,49264.03686681126,49.26403686681126,494842.9219967289,0.5633734059993003,0.4423076923076923,7416.756612979691,5.734883511361751,,ok
jl_r165_0618,dynamic_online_greedy,50,3,118040.46160296109,118.04046160296109,119804.95064000356,0.0012287210010981653,0.02,23.74257338004924,3.39934634239519,,ok
jl_r165_0618,dynamic_rolling_alns,50,3,109163.81278095435,109.16381278095434,111421.16172844924,0.1343275379986153,0.02,32.84341286544659,2.8674417556808756,31.0,ok
jl_r165_0618,greedy_regret2_offline,50,3,80594.72393252687,80.59472393252688,743192.9215678981,0.008893508000255679,0.68,11023.661438889894,11.785113019775793,,ok
jl_r165_0618,ortools_cp_sat_decomposed,50,3,107076.23806155466,107.07623806155466,107123.37851363375,0.8202220509992912,0.0,0.0,0.4714045207910317,,optimal;route_fallbacks=0/3
jl_r165_0618,pyvrp_static_distance,50,3,70158.51714806622,70.15851714806622,630967.6108374434,0.11556495900003938,0.62,9327.176373123328,11.785113019775793,,ok
jl_r165_0618,alns_offline,50,3,77450.13347955095,77.45013347955094,687287.6361666238,0.5422694099997898,0.68,10144.31652308492,11.785113019775793,,ok
jl_r165_0602,dynamic_online_greedy,48,3,60153.98090760802,60.15398090760802,60448.37293648561,0.0008302000005642185,0.0,0.0,2.943920288775949,,ok
jl_r165_0602,dynamic_rolling_alns,48,3,41876.925882543,41.876925882543,42092.95057248993,0.23577404800016666,0.0,0.0,2.160246899469287,25.0,ok
jl_r165_0602,greedy_regret2_offline,48,3,18067.366033335307,18.067366033335308,520458.0915608014,0.028740017998643452,0.625,8356.62357609582,9.93310961716756,,ok
jl_r165_0602,ortools_cp_sat_decomposed,48,3,21209.789976429784,21.209789976429782,22203.10093814654,0.9142723220011248,0.0,0.0,9.93310961716756,,optimal;route_fallbacks=0/3
jl_r165_0602,pyvrp_static_distance,48,3,15602.557096273576,15.602557096273577,468893.693667416,0.07746825399954105,0.6041666666666666,7538.297093490428,9.93310961716756,,ok
jl_r165_0602,alns_offline,48,3,16361.114405193892,16.36111440519389,438059.11968081794,0.24444320899965533,0.6041666666666666,7011.744905231788,9.93310961716756,,ok
